{
    "title": "Kids Book",
    "version": "v1",
    "description": "Kids Learning Mobile App",
    "baseUrl":"https://firebasestorage.googleapis.com/v0/b/kidsbook-store.appspot.com/o/home%2F",
    "sections": [
        {
            "name": "colors",
            "title": "Colors",
            "url": "colors.jpg",
            "type": "FlipCards",
            "welcomeVoice" : "Welcome to colors lesson"
        },
        {
            "name": "planets",
            "title": "Planets",
            "url": "planets.jpg",
            "type": "AnimatedCards",
            "welcomeVoice" : "Welcome to planets lesson"
        },
        {
            "name": "capitalLetters",
            "title": "ABC",
            "url": "cap_abc.jpg",
            "type": "FlipCards",
            "welcomeVoice" : "Welcome to ABC lesson"
        },
        {
            "name": "smallLetters",
            "title": "abc",
            "url": "small_abc.jpg",
            "type": "FlipCards",
            "welcomeVoice" : "Welcome to abc lesson"
        },
        {
            "name": "telugu",
            "title": "Telugu",
            "url": "telugu.jpg",
            "type": "FlipCards",
            "welcomeVoice" : "Welcome to telugu lesson"
        },
        {
            "name": "numbers",
            "title": "Numbers",
            "url": "numbers.jpg",
            "type": "FlipCards",
            "welcomeVoice" : "Welcome to numbers lesson"
        },
        {
            "name": "shapes",
            "title": "Shapes",
            "url": "shapes.jpg",
            "type": "FlipCards",
            "welcomeVoice" : "Welcome to shapes lesson"
        },
        {
            "name": "animals",
            "title": "Animals",
            "url": "animals.jpg",
            "type": "FlipCards",
            "welcomeVoice" : "Welcome to animals lesson"
        },
        {
            "name": "fruits",
            "title": "Fruits",
            "url": "fruits.jpg",
            "type": "FlipCards",
            "welcomeVoice" : "Welcome to fruits lesson"
        },
        {
            "name": "vegetables",
            "title": "Vegetables",
            "url": "vegetables.jpg",
            "type": "FlipCards",
            "welcomeVoice" : "Welcome to vegetables lesson"
        }
    ],
    "capitalLetters": {
        "title": "ABC",
        "backgroundColor": "#E6E6FA",
        "frontBgColor": "#1abc9c",
        "frontTextColor": "#fff",
        "frontTextSize": 70,
        "baseUrl":"https://firebasestorage.googleapis.com/v0/b/kidsbook-store.appspot.com/o/capitalLetters%2F",
        "cards": [
            {
                "frontText": "A",
                "backTitle": "APPLE",
                "backImage": "apple.png",
                "flipVoice": "A for apple"
            },
            {
                "frontText": "B",
                "backTitle": "BALL",
                "backImage": "ball.jpg",
                "flipVoice": "B for ball"
            },
            {
                "frontText": "C",
                "backTitle": "CAR",
                "backImage": "car.jpg",
                "flipVoice": "C for car"
            },
            {
                "frontText": "D",
                "backTitle": "DOG",
                "backImage": "dog.jpg",
                "flipVoice": "D for dog"
            },
            {
                "frontText": "E",
                "backTitle": "ELEPHANT",
                "backImage": "elephant.jpg",
                "flipVoice": "E for elephant"
            },
            {
                "frontText": "F",
                "backTitle": "FISH",
                "backImage": "fish.jpg",
                "flipVoice": "F for fish"
            },
            {
                "frontText": "G",
                "backTitle": "GOAT",
                "backImage": "goat.jpg",
                "flipVoice": "G for goat"
            },
            {
                "frontText": "H",
                "backTitle": "HORSE",
                "backImage": "horse.jpg",
                "flipVoice": "H for horse"
            },
            {
                "frontText": "I",
                "backTitle": "ICE CREAM",
                "backImage": "ice_cream.jpg",
                "flipVoice": "I for ice cream"
            },
            {
                "frontText": "J",
                "backTitle": "JUG",
                "backImage": "jug.jpg",
                "flipVoice": "J for jug"
            },
            {
                "frontText": "K",
                "backTitle": "KITE",
                "backImage": "kite.jpg",
                "flipVoice": "K for kite"
            },
            {
                "frontText": "L",
                "backTitle": "LION",
                "backImage": "lion.jpg",
                "flipVoice": "L for lion"
            },
            {
                "frontText": "M",
                "backTitle": "MANGO",
                "backImage": "mango.jpg",
                "flipVoice": "M for mango"
            },
            {
                "frontText": "N",
                "backTitle": "NEST",
                "backImage": "nest.jpg",
                "flipVoice": "N for nest"
            },
            {
                "frontText": "O",
                "backTitle": "OSTRICH",
                "backImage": "ostrich.jpg",
                "flipVoice": "O for ostrich"
            },
            {
                "frontText": "P",
                "backTitle": "PARROT",
                "backImage": "parrot.jpg",
                "flipVoice": "P for parrot"
            },
            {
                "frontText": "Q",
                "backTitle": "QUEEN",
                "backImage": "queen.jpg",
                "flipVoice": "Q for queen"
            },
            {
                "frontText": "R",
                "backTitle": "RABBIT",
                "backImage": "rabbit.jpg",
                "flipVoice": "R for rabbit"
            },
            {
                "frontText": "S",
                "backTitle": "SUN",
                "backImage": "sun.jpg",
                "flipVoice": "S for sun"
            },
            {
                "frontText": "T",
                "backTitle": "TIGER",
                "backImage": "tiger.jpg",
                "flipVoice": "T for tiger"
            },
            {
                "frontText": "U",
                "backTitle": "UMBRELLA",
                "backImage": "umbrella.png",
                "flipVoice": "U for umbrella"
            },
            {
                "frontText": "V",
                "backTitle": "VIOLIN",
                "backImage": "violin.jpg",
                "flipVoice": "V for violin"
            },
            {
                "frontText": "W",
                "backTitle": "WATCH",
                "backImage": "watch.jpg",
                "flipVoice": "W for watch"
            },
            {
                "frontText": "X",
                "backTitle": "XRAY",
                "backImage": "xray.jpg",
                "flipVoice": "X for xray"
            },
            {
                "frontText": "Y",
                "backTitle": "YAK",
                "backImage": "yak.jpg",
                "flipVoice": "Y for yak"
            },
            {
                "frontText": "Z",
                "backTitle": "ZEBRA",
                "backImage": "zebra.jpg",
                "flipVoice": "Z for zebra"
            }
        ]
    },
    "smallLetters": {
        "title": "abc",
        "backgroundColor": "#E6E6FA",
        "frontBgColor": "#1abc9c",
        "frontTextColor": "#fff",
        "frontTextSize": 70,
        "baseUrl":"https://firebasestorage.googleapis.com/v0/b/kidsbook-store.appspot.com/o/smallLetters%2F",
        "cards": [
            {
                "frontText": "a",
                "backTitle": "Apple",
                "backImage": "apple.png",
                "flipVoice": "A for apple"
            },
            {
                "frontText": "b",
                "backTitle": "Ball",
                "backImage": "ball.jpg",
                "flipVoice": "B for ball"
            },
            {
                "frontText": "c",
                "backTitle": "Car",
                "backImage": "car.jpg",
                "flipVoice": "C for car"
            },
            {
                "frontText": "d",
                "backTitle": "Dog",
                "backImage": "dog.jpg",
                "flipVoice": "D for dog"
            },
            {
                "frontText": "e",
                "backTitle": "Elephant",
                "backImage": "elephant.jpg",
                "flipVoice": "E for elephant"
            },
            {
                "frontText": "f",
                "backTitle": "Fish",
                "backImage": "fish.jpg",
                "flipVoice": "F for fish"
            },
            {
                "frontText": "g",
                "backTitle": "Goat",
                "backImage": "goat.jpg",
                "flipVoice": "G for goat"
            },
            {
                "frontText": "h",
                "backTitle": "Horse",
                "backImage": "horse.jpg",
                "flipVoice": "H for horse"
            },
            {
                "frontText": "i",
                "backTitle": "Ice Cream",
                "backImage": "ice_cream.jpg",
                "flipVoice": "I for ice cream"
            },
            {
                "frontText": "j",
                "backTitle": "Jug",
                "backImage": "jug.jpg",
                "flipVoice": "J for jug"
            },
            {
                "frontText": "k",
                "backTitle": "Kite",
                "backImage": "kite.jpg",
                "flipVoice": "K for kite"
            },
            {
                "frontText": "l",
                "backTitle": "Lion",
                "backImage": "lion.jpg",
                "flipVoice": "L for lion"
            },
            {
                "frontText": "m",
                "backTitle": "Mango",
                "backImage": "mango.jpg",
                "flipVoice": "M for mango"
            },
            {
                "frontText": "n",
                "backTitle": "Nest",
                "backImage": "nest.jpg",
                "flipVoice": "N for nest"
            },
            {
                "frontText": "o",
                "backTitle": "Ostrich",
                "backImage": "ostrich.jpg",
                "flipVoice": "O for ostrich"
            },
            {
                "frontText": "p",
                "backTitle": "Parrot",
                "backImage": "parrot.jpg",
                "flipVoice": "P for parrot"
            },
            {
                "frontText": "q",
                "backTitle": "Queen",
                "backImage": "queen.jpg",
                "flipVoice": "Q for queen"
            },
            {
                "frontText": "r",
                "backTitle": "Rabbit",
                "backImage": "rabbit.jpg",
                "flipVoice": "R for rabbit"
            },
            {
                "frontText": "s",
                "backTitle": "Sun",
                "backImage": "sun.jpg",
                "flipVoice": "S for sun"
            },
            {
                "frontText": "t",
                "backTitle": "Tiger",
                "backImage": "tiger.jpg",
                "flipVoice": "T for tiger"
            },
            {
                "frontText": "u",
                "backTitle": "Umbrella",
                "backImage": "umbrella.png",
                "flipVoice": "U for umbrella"
            },
            {
                "frontText": "v",
                "backTitle": "Violin",
                "backImage": "violin.jpg",
                "flipVoice": "V for violin"
            },
            {
                "frontText": "w",
                "backTitle": "Watch",
                "backImage": "watch.jpg",
                "flipVoice": "W for watch"
            },
            {
                "frontText": "x",
                "backTitle": "Xray",
                "backImage": "xray.jpg",
                "flipVoice": "X for xray"
            },
            {
                "frontText": "y",
                "backTitle": "Yak",
                "backImage": "yak.jpg",
                "flipVoice": "Y for yak"
            },
            {
                "frontText": "z",
                "backTitle": "Zebra",
                "backImage": "zebra.jpg",
                "flipVoice": "Z for zebra"
            }
        ]
    },
    "animals": {
        "title": "Animals",
        "backgroundColor": "#E6E6FA",
        "backBgColor": "#1abc9c",
        "backTextColor": "#fff",
        "backTextSize": 35,
        "baseUrl":"https://firebasestorage.googleapis.com/v0/b/kidsbook-store.appspot.com/o/animals%2F",
        "cards": [
            {
                "frontTitle": "Alligator",
                "backText": "Alligator",
                "frontImage": "alligator.jpg",
                "flipVoice": "alligator"
            },
            {
                "frontTitle": "Ant",
                "backText": "Ant",
                "frontImage": "ant.jpg",
                "flipVoice": "ant"
            },
            {
                "frontTitle": "Bat",
                "backText": "Bat",
                "frontImage": "bat.jpg",
                "flipVoice": "bat"
            },
            {
                "frontTitle": "Bear",
                "backText": "Bear",
                "frontImage": "bear.jpg",
                "flipVoice": "bear"
            },
            {
                "frontTitle": "Bee",
                "backText": "Bee",
                "frontImage": "bee.jpg",
                "flipVoice": "bee"
            },
            {
                "frontTitle": "Butterfly",
                "backText": "Butterfly",
                "frontImage": "butterfly.jpg",
                "flipVoice": "butterfly"
            },
            {
                "frontTitle": "Camel",
                "backText": "Camel",
                "frontImage": "camel.jpg",
                "flipVoice": "camel"
            },
            {
                "frontTitle": "Caterpillar",
                "backText": "Caterpillar",
                "frontImage": "caterpillar.jpg",
                "flipVoice": "caterpillar"
            },
            {
                "frontTitle": "Cat",
                "backText": "Cat",
                "frontImage": "cat.png",
                "flipVoice": "cat"
            },
            {
                "frontTitle": "Chimpanzee",
                "backText": "Chimpanzee",
                "frontImage": "chimpanzee.jpg",
                "flipVoice": "chimpanzee"
            },
            {
                "frontTitle": "Crow",
                "backText": "Crow",
                "frontImage": "crow.jpg",
                "flipVoice": "crow"
            },
            {
                "frontTitle": "Deer",
                "backText": "Deer",
                "frontImage": "deer.jpg",
                "flipVoice": "deer"
            },
            {
                "frontTitle": "Dinosaur",
                "backText": "Dinosaur",
                "frontImage": "dinosaur.jpg",
                "flipVoice": "dinosaur"
            },
            {
                "frontTitle": "Dog",
                "backText": "Dog",
                "frontImage": "dog.jpg",
                "flipVoice": "dog"
            },
            {
                "frontTitle": "Dolphin",
                "backText": "Dolphin",
                "frontImage": "dolphin.jpg",
                "flipVoice": "dolphin"
            },
            {
                "frontTitle": "Donkey",
                "backText": "Donkey",
                "frontImage": "donkey.jpg",
                "flipVoice": "donkey"
            },
            {
                "frontTitle": "Dove",
                "backText": "Dove",
                "frontImage": "dove.jpg",
                "flipVoice": "dove"
            },
            {
                "frontTitle": "Dragon Fly",
                "backText": "Dragon Fly",
                "frontImage": "dragon_fly.jpg",
                "flipVoice": "dragon fly"
            },
            {
                "frontTitle": "Duck",
                "backText": "Duck",
                "frontImage": "duck.jpg",
                "flipVoice": "duck"
            },
            {
                "frontTitle": "Eagle",
                "backText": "Eagle",
                "frontImage": "eagle.jpg",
                "flipVoice": "eagle"
            },
            {
                "frontTitle": "Elephant",
                "backText": "Elephant",
                "frontImage": "elephant.jpg",
                "flipVoice": "elephant"
            },
            {
                "frontTitle": "Fish",
                "backText": "Fish",
                "frontImage": "fish.jpg",
                "flipVoice": "fish"
            },
            {
                "frontTitle": "Fly",
                "backText": "Fly",
                "frontImage": "fly.jpg",
                "flipVoice": "fly"
            },
            {
                "frontTitle": "Fox",
                "backText": "Fox",
                "frontImage": "fox.jpg",
                "flipVoice": "fox"
            },
            {
                "frontTitle": "Frog",
                "backText": "Frog",
                "frontImage": "frog.jpg",
                "flipVoice": "frog"
            },
            {
                "frontTitle": "Giraffe",
                "backText": "Giraffe",
                "frontImage": "giraffe.jpg",
                "flipVoice": "giraffe"
            },
            {
                "frontTitle": "Goat",
                "backText": "Goat",
                "frontImage": "goat.jpg",
                "flipVoice": "goat"
            },
            {
                "frontTitle": "Gorilla",
                "backText": "Gorilla",
                "frontImage": "gorilla.jpg",
                "flipVoice": "gorilla"
            },
            {
                "frontTitle": "Hippopotamus",
                "backText": "Hippopotamus",
                "frontImage": "hippopotamus.jpg",
                "flipVoice": "hippopotamus"
            },
            {
                "frontTitle": "Horse",
                "backText": "Horse",
                "frontImage": "horse.jpg",
                "flipVoice": "horse"
            },
            {
                "frontTitle": "Iguana",
                "backText": "Iguana",
                "frontImage": "iguana.jpg",
                "flipVoice": "iguana"
            },
            {
                "frontTitle": "Jagwar",
                "backText": "Jagwar",
                "frontImage": "jagwar.jpg",
                "flipVoice": "jagwar"
            },
            {
                "frontTitle": "Kangaroo",
                "backText": "Kangaroo",
                "frontImage": "kangaroo.jpg",
                "flipVoice": "kangaroo"
            },
            {
                "frontTitle": "Lion",
                "backText": "Lion",
                "frontImage": "lion.jpg",
                "flipVoice": "lion"
            },
            {
                "frontTitle": "Monkey",
                "backText": "Monkey",
                "frontImage": "monkey.jpg",
                "flipVoice": "monkey"
            },
            {
                "frontTitle": "Mouse",
                "backText": "Mouse",
                "frontImage": "mouse.jpg",
                "flipVoice": "mouse"
            },
            {
                "frontTitle": "Nightingale",
                "backText": "Nightingale",
                "frontImage": "nightingale.jpg",
                "flipVoice": "nightingale"
            },
            {
                "frontTitle": "Ostrich",
                "backText": "Ostrich",
                "frontImage": "ostrich.jpg",
                "flipVoice": "ostrich"
            },
            {
                "frontTitle": "Owl",
                "backText": "Owl",
                "frontImage": "owl.jpg",
                "flipVoice": "owl"
            },
            {
                "frontTitle": "Ox",
                "backText": "Ox",
                "frontImage": "ox.png",
                "flipVoice": "ox"
            },
            {
                "frontTitle": "Parrot",
                "backText": "Parrot",
                "frontImage": "parrot.jpg",
                "flipVoice": "parrot"
            },
            {
                "frontTitle": "Peacock",
                "backText": "Peacock",
                "frontImage": "peacock.jpg",
                "flipVoice": "peacock"
            },
            {
                "frontTitle": "Pigeon",
                "backText": "Pigeon",
                "frontImage": "pigeon.jpg",
                "flipVoice": "pigeon"
            },
            {
                "frontTitle": "Pig",
                "backText": "Pig",
                "frontImage": "pig.jpg",
                "flipVoice": "pig"
            },
            {
                "frontTitle": "Quail",
                "backText": "Quail",
                "frontImage": "quail.jpg",
                "flipVoice": "quail"
            },
            {
                "frontTitle": "Rabbit",
                "backText": "Rabbit",
                "frontImage": "rabbit.jpg",
                "flipVoice": "rabbit"
            },
            {
                "frontTitle": "Rhinoceros",
                "backText": "Rhinoceros",
                "frontImage": "rhinoceros.jpg",
                "flipVoice": "rhinoceros"
            },
            {
                "frontTitle": "Shark",
                "backText": "Shark",
                "frontImage": "shark.jpg",
                "flipVoice": "shark"
            },
            {
                "frontTitle": "Sheep",
                "backText": "Sheep",
                "frontImage": "sheep.jpg",
                "flipVoice": "sheep"
            },
            {
                "frontTitle": "Snake",
                "backText": "Snake",
                "frontImage": "snake.jpg",
                "flipVoice": "snake"
            },
            {
                "frontTitle": "Spider",
                "backText": "Spider",
                "frontImage": "spider.jpg",
                "flipVoice": "spider"
            },
            {
                "frontTitle": "Squirrel",
                "backText": "Squirrel",
                "frontImage": "squirrel.jpg",
                "flipVoice": "squirrel"
            },
            {
                "frontTitle": "Swan",
                "backText": "Swan",
                "frontImage": "swan.jpg",
                "flipVoice": "swan"
            },
            {
                "frontTitle": "Tiger",
                "backText": "Tiger",
                "frontImage": "tiger.jpg",
                "flipVoice": "tiger"
            },
            {
                "frontTitle": "Unicorn",
                "backText": "Unicorn",
                "frontImage": "unicorn.png",
                "flipVoice": "unicorn"
            },
            {
                "frontTitle": "Vulture",
                "backText": "Vulture",
                "frontImage": "vulture.jpg",
                "flipVoice": "vulture"
            },
            {
                "frontTitle": "Wolf",
                "backText": "Wolf",
                "frontImage": "wolf.jpg",
                "flipVoice": "wolf"
            },
            {
                "frontTitle": "Yak",
                "backText": "Yak",
                "frontImage": "yak.jpg",
                "flipVoice": "yak"
            },
            {
                "frontTitle": "Zebra",
                "backText": "Zebra",
                "frontImage": "zebra.jpg",
                "flipVoice": "zebra"
            }
        ]
    },
    "fruits": {
        "title": "Fruits",
        "backgroundColor": "#E6E6FA",
        "backBgColor": "#1abc9c",
        "backTextColor": "#fff",
        "backTextSize": 35,
        "baseUrl":"https://firebasestorage.googleapis.com/v0/b/kidsbook-store.appspot.com/o/fruits%2F",
        "cards": [
            {
                "frontTitle": "Apple",
                "backText": "Apple",
                "frontImage": "apple.jpg",
                "flipVoice": "apple"
            },
            {
                "frontTitle": "Avocado",
                "backText": "Avocado",
                "frontImage": "avocado.jpg",
                "flipVoice": "avocado"
            },
            {
                "frontTitle": "Banana",
                "backText": "Banana",
                "frontImage": "banana.jpg",
                "flipVoice": "banana"
            },
            {
                "frontTitle": "Blueberry",
                "backText": "Blueberry",
                "frontImage": "blueberry.jpg",
                "flipVoice": "blueberry"
            },
            {
                "frontTitle": "Cherry",
                "backText": "Cherry",
                "frontImage": "cherry.jpg",
                "flipVoice": "cherry"
            },
            {
                "frontTitle": "Chikoo",
                "backText": "Chikoo",
                "frontImage": "chikoo.jpg",
                "flipVoice": "chikoo"
            },
            {
                "frontTitle": "Custard Apple",
                "backText": "Custard Apple",
                "frontImage": "custard_apple.jpg",
                "flipVoice": "custard apple"
            },
            {
                "frontTitle": "Dragon Fruit",
                "backText": "Dragon Fruit",
                "frontImage": "dragon_fruit.jpg",
                "flipVoice": "dragon fruit"
            },
            {
                "frontTitle": "Grapes",
                "backText": "Grapes",
                "frontImage": "grapes.jpg",
                "flipVoice": "grapes"
            },
            {
                "frontTitle": "Guava",
                "backText": "Guava",
                "frontImage": "guava.jpg",
                "flipVoice": "guava"
            },
            {
                "frontTitle": "Jackfruit",
                "backText": "Jackfruit",
                "frontImage": "jackfruit.jpg",
                "flipVoice": "jackfruit"
            },
            {
                "frontTitle": "Kiwi",
                "backText": "Kiwi",
                "frontImage": "kiwi.jpg",
                "flipVoice": "kiwi"
            },
            {
                "frontTitle": "Lemon",
                "backText": "Lemon",
                "frontImage": "lemon.jpg",
                "flipVoice": "lemon"
            },
            {
                "frontTitle": "Lychee",
                "backText": "Lychee",
                "frontImage": "lychee.jpg",
                "flipVoice": "lychee"
            },
            {
                "frontTitle": "Mango",
                "backText": "Mango",
                "frontImage": "mango.jpg",
                "flipVoice": "mango"
            },
            {
                "frontTitle": "Muskmelon",
                "backText": "Muskmelon",
                "frontImage": "muskmelon.jpg",
                "flipVoice": "muskmelon"
            },
            {
                "frontTitle": "Orange",
                "backText": "Orange",
                "frontImage": "orange.jpg",
                "flipVoice": "orange"
            },
            {
                "frontTitle": "Papaya",
                "backText": "Papaya",
                "frontImage": "papaya.jpg",
                "flipVoice": "papaya"
            },
            {
                "frontTitle": "Pear",
                "backText": "Pear",
                "frontImage": "pear.jpg",
                "flipVoice": "pear"
            },
            {
                "frontTitle": "Pineapple",
                "backText": "Pineapple",
                "frontImage": "pineapple.jpg",
                "flipVoice": "pineapple"
            },
            {
                "frontTitle": "Plum",
                "backText": "Plum",
                "frontImage": "plum.jpg",
                "flipVoice": "plum"
            },
            {
                "frontTitle": "Pomegrenate",
                "backText": "Pomegrenate",
                "frontImage": "pomegrenate.jpg",
                "flipVoice": "pomegrenate"
            },
            {
                "frontTitle": "Raspberry",
                "backText": "Raspberry",
                "frontImage": "raspberry.jpg",
                "flipVoice": "raspberry"
            },
            {
                "frontTitle": "Strawberry",
                "backText": "Strawberry",
                "frontImage": "strawberry.jpg",
                "flipVoice": "strawberry"
            },
            {
                "frontTitle": "Watermelon",
                "backText": "Watermelon",
                "frontImage": "watermelon.jpg",
                "flipVoice": "watermelon"
            }
        ]
    },
    "vegetables": {
        "title": "Vegetables",
        "backgroundColor": "#E6E6FA",
        "backBgColor": "#1abc9c",
        "backTextColor": "#fff",
        "backTextSize": 35,
        "baseUrl":"https://firebasestorage.googleapis.com/v0/b/kidsbook-store.appspot.com/o/vegetables%2F",
        "cards": [
            {
                "frontTitle": "Beetroot",
                "backText": "Beetroot",
                "frontImage": "beetroot.jpg",
                "flipVoice": "beetroot"
            },
            {
                "frontTitle": "Bell Peppers",
                "backText": "Bell Peppers",
                "frontImage": "bell_peppers.jpg",
                "flipVoice": "bell peppers"
            },
            {
                "frontTitle": "Bitter Gourd",
                "backText": "Bitter Gourd",
                "frontImage": "bitter_gourd.jpg",
                "flipVoice": "bitter gourd"
            },
            {
                "frontTitle": "Bottle Gourd",
                "backText": "Bottle Gourd",
                "frontImage": "bottle_gourd.jpg",
                "flipVoice": "bottle gourd"
            },
            {
                "frontTitle": "Broccoli",
                "backText": "Broccoli",
                "frontImage": "broccoli.jpg",
                "flipVoice": "broccoli"
            },
            {
                "frontTitle": "Cabbage",
                "backText": "Cabbage",
                "frontImage": "cabbage.jpg",
                "flipVoice": "cabbage"
            },
            {
                "frontTitle": "Carrot",
                "backText": "Carrot",
                "frontImage": "carrot.jpg",
                "flipVoice": "carrot"
            },
            {
                "frontTitle": "Cauliflower",
                "backText": "Cauliflower",
                "frontImage": "cauliflower.jpg",
                "flipVoice": "cauliflower"
            },
            {
                "frontTitle": "Chilli",
                "backText": "Chilli",
                "frontImage": "chilli.jpg",
                "flipVoice": "chilli"
            },
            {
                "frontTitle": "Cilantro",
                "backText": "Cilantro",
                "frontImage": "cilantro.jpg",
                "flipVoice": "cilantro"
            },
            {
                "frontTitle": "Corn",
                "backText": "Corn",
                "frontImage": "corn.png",
                "flipVoice": "corn"
            },
            {
                "frontTitle": "Cucumber",
                "backText": "Cucumber",
                "frontImage": "cucumber.jpg",
                "flipVoice": "cucumber"
            },
            {
                "frontTitle": "Curry Leaves",
                "backText": "Curry Leaves",
                "frontImage": "curry_leaves.jpg",
                "flipVoice": "curry leaves"
            },
            {
                "frontTitle": "Drumstick",
                "backText": "Drumstick",
                "frontImage": "drumstick.png",
                "flipVoice": "drumstick"
            },
            {
                "frontTitle": "Eggplant",
                "backText": "Eggplant",
                "frontImage": "eggplant.jpg",
                "flipVoice": "eggplant"
            },
            {
                "frontTitle": "Garlic",
                "backText": "Garlic",
                "frontImage": "garlic.jpg",
                "flipVoice": "garlic"
            },
            {
                "frontTitle": "Ginger",
                "backText": "Ginger",
                "frontImage": "ginger.jpg",
                "flipVoice": "ginger"
            },
            {
                "frontTitle": "Green Beans",
                "backText": "Green Beans",
                "frontImage": "green_beans.jpg",
                "flipVoice": "green beans"
            },
            {
                "frontTitle": "Ivy Gourd",
                "backText": "Ivy Gourd",
                "frontImage": "ivy_gourd.png",
                "flipVoice": "ivy gourd"
            },
            {
                "frontTitle": "Lady Finger",
                "backText": "Lady Finger",
                "frontImage": "lady_finger.jpg",
                "flipVoice": "lady finger"
            },
            {
                "frontTitle": "Mushroom",
                "backText": "Mushroom",
                "frontImage": "mushroom.jpg",
                "flipVoice": "mushroom"
            },
            {
                "frontTitle": "Onion",
                "backText": "Onion",
                "frontImage": "onion.jpg",
                "flipVoice": "onion"
            },
            {
                "frontTitle": "Peas",
                "backText": "Peas",
                "frontImage": "peas.jpg",
                "flipVoice": "peas"
            },
            {
                "frontTitle": "Potato",
                "backText": "Potato",
                "frontImage": "potato.jpg",
                "flipVoice": "potato"
            },
            {
                "frontTitle": "Pumpkin",
                "backText": "Pumpkin",
                "frontImage": "pumpkin.jpg",
                "flipVoice": "pumpkin"
            },
            {
                "frontTitle": "Radish",
                "backText": "Radish",
                "frontImage": "radish.jpg",
                "flipVoice": "radish"
            },
            {
                "frontTitle": "Ridge Gourd",
                "backText": "Ridge Gourd",
                "frontImage": "ridge_gourd.png",
                "flipVoice": "ridge gourd"
            },
            {
                "frontTitle": "Roselle",
                "backText": "Roselle",
                "frontImage": "roselle.png",
                "flipVoice": "roselle"
            },
            {
                "frontTitle": "Snake Gourd",
                "backText": "Snake Gourd",
                "frontImage": "snake_gourd.png",
                "flipVoice": "snake gourd"
            },
            {
                "frontTitle": "Spinach",
                "backText": "Spinach",
                "frontImage": "spinach.jpg",
                "flipVoice": "spinach"
            },
            {
                "frontTitle": "Tomato",
                "backText": "Tomato",
                "frontImage": "tomato.jpg",
                "flipVoice": "tomato"
            }
        ]
    },
    "planets": {
        "title": "Planets",
        "backgroundImage": "space_bg.jpeg",
        "frontTitleColor": "#fff",
        "baseUrl":"https://firebasestorage.googleapis.com/v0/b/kidsbook-store.appspot.com/o/planets%2F",
        "cards": [
            {
                "frontTitle": "Sun",
                "frontImage": "sun.png",
                "flipVoice": "sun"
            },
            {
                "frontTitle": "Mercury",
                "frontImage": "mercury.png",
                "flipVoice": "mercury"
            },
            {
                "frontTitle": "Venus",
                "frontImage": "venus.png",
                "flipVoice": "venus"
            },
            {
                "frontTitle": "Earth",
                "frontImage": "earth.png",
                "flipVoice": "earth"
            },
            {
                "frontTitle": "Moon",
                "frontImage": "moon.png",
                "flipVoice": "moon"
            },
            {
                "frontTitle": "Mars",
                "frontImage": "mars.png",
                "flipVoice": "mars"
            },
            {
                "frontTitle": "Jupiter",
                "frontImage": "jupiter.png",
                "flipVoice": "jupiter"
            },
            {
                "frontTitle": "Saturn",
                "frontImage": "saturn.png",
                "flipVoice": "saturn"
            },
            {
                "frontTitle": "Uranus",
                "frontImage": "uranus.png",
                "flipVoice": "uranus"
            },
            {
                "frontTitle": "Neptune",
                "frontImage": "neptune.png",
                "flipVoice": "neptune"
            }
        ]
    }
}